year,state_fips,state_abbr,employment,avg_weekly_wage,high_exposure,w_hat,post,shock
2012,01,AL,1828248,808,0,,0,0
2013,01,AL,1845086,813,0,1.006188118811881,0,0
2014,01,AL,1863561,832,0,1.023370233702337,0,0
2015,01,AL,1890340,851,0,1.0228365384615385,0,0
2016,01,AL,1915306,862,0,1.0129259694477086,0,0
2017,01,AL,1936819,885,0,1.0266821345707657,1,0
2018,01,AL,1961625,912,0,1.0305084745762711,1,0
2019,01,AL,1989555,939,0,1.0296052631578947,1,0
2020,01,AL,1909145,1004,0,1.0692225772097976,1,0
2021,01,AL,1965189,1045,0,1.0408366533864541,1,0
2022,01,AL,2026102,1102,0,1.0545454545454545,1,0
2023,01,AL,2075785,1150,0,1.043557168784029,1,0
2024,01,AL,2105674,1193,0,1.037391304347826,1,0
2012,02,AK,327378,973,0,,0,0
2013,02,AK,328716,992,0,1.0195272353545735,0,0
2014,02,AK,330105,1027,0,1.0352822580645162,0,0
2015,02,AK,331681,1053,0,1.0253164556962024,0,0
2016,02,AK,326295,1031,0,0.9791073124406457,0,0
2017,02,AK,322136,1033,0,1.0019398642095054,1,0
2018,02,AK,321078,1071,0,1.036786060019361,1,0
2019,02,AK,323695,1106,0,1.0326797385620916,1,0
2020,02,AK,297429,1187,0,1.073236889692586,1,0
2021,02,AK,305145,1205,0,1.0151642796967144,1,0
2022,02,AK,313959,1256,0,1.0423236514522822,1,0
2023,02,AK,322800,1323,0,1.053343949044586,1,0
2024,02,AK,329164,1382,0,1.0445956160241874,1,0
2012,04,AZ,2431788,877,1,,0,0
2013,04,AZ,2488009,883,1,1.0068415051311288,0,0
2014,04,AZ,2539253,902,1,1.0215175537938845,0,0
2015,04,AZ,2609770,922,1,1.0221729490022173,0,0
2016,04,AZ,2680065,933,1,1.0119305856832972,0,0
2017,04,AZ,2747638,964,1,1.0332261521972133,1,1
2018,04,AZ,2826095,997,1,1.0342323651452283,1,1
2019,04,AZ,2908826,1035,1,1.0381143430290873,1,1
2020,04,AZ,2823760,1124,1,1.0859903381642513,1,1
2021,04,AZ,2935150,1187,1,1.0560498220640568,1,1
2022,04,AZ,3075427,1245,1,1.0488626790227464,1,1
2023,04,AZ,3164081,1292,1,1.0377510040160642,1,1
2024,04,AZ,3222450,1354,1,1.0479876160990713,1,1
2012,05,AR,1146811,735,0,,0,0
2013,05,AR,1146274,749,0,1.019047619047619,0,0
2014,05,AR,1157630,769,0,1.026702269692924,0,0
2015,05,AR,1177884,786,0,1.0221066319895968,0,0
2016,05,AR,1191763,799,0,1.0165394402035624,0,0
2017,05,AR,1200542,826,0,1.0337922403003754,1,0
2018,05,AR,1211021,845,0,1.023002421307506,1,0
2019,05,AR,1218106,874,0,1.034319526627219,1,0
2020,05,AR,1174632,936,0,1.070938215102975,1,0
2021,05,AR,1203304,991,0,1.0587606837606838,1,0
2022,05,AR,1248972,1039,0,1.0484359233097882,1,0
2023,05,AR,1278470,1071,0,1.030798845043311,1,0
2024,05,AR,1295577,1123,0,1.0485527544351074,1,0
2012,06,CA,14959808,1092,1,,0,0
2013,06,CA,15378962,1098,1,1.0054945054945055,0,0
2014,06,CA,15809082,1135,1,1.0336976320582878,0,0
2015,06,CA,16295204,1187,1,1.0458149779735684,0,0
2016,06,CA,16718647,1211,1,1.0202190395956192,0,0
2017,06,CA,17019702,1266,1,1.0454170107349299,1,1
2018,06,CA,17355855,1317,1,1.0402843601895735,1,1
2019,06,CA,17631489,1372,1,1.0417615793470008,1,1
2020,06,CA,16378059,1528,1,1.1137026239067056,1,1
2021,06,CA,16974870,1649,1,1.0791884816753927,1,1
2022,06,CA,17903539,1624,1,0.9848392965433597,1,1
2023,06,CA,18002893,1682,1,1.0357142857142858,1,1
2024,06,CA,18183696,1772,1,1.0535077288941737,1,1
2012,08,CO,2266503,972,0,,0,0
2013,08,CO,2335803,978,0,1.0061728395061729,0,0
2014,08,CO,2417735,1014,0,1.0368098159509203,0,0
2015,08,CO,2494450,1042,0,1.0276134122287968,0,0
2016,08,CO,2552503,1051,0,1.0086372360844529,0,0
2017,08,CO,2609770,1095,0,1.0418648905803995,1,0
2018,08,CO,2674030,1133,0,1.034703196347032,1,0
2019,08,CO,2736105,1189,0,1.0494263018534864,1,0
2020,08,CO,2602371,1282,0,1.0782169890664424,1,0
2021,08,CO,2699891,1357,0,1.0585023400936038,1,0
2022,08,CO,2814975,1431,0,1.0545320560058953,1,0
2023,08,CO,2882674,1483,0,1.0363382250174702,1,0
2024,08,CO,2897901,1544,0,1.0411328388401888,1,0
2012,09,CT,1627748,1194,0,,0,0
2013,09,CT,1640333,1199,0,1.0041876046901173,0,0
2014,09,CT,1653573,1229,0,1.025020850708924,0,0
2015,09,CT,1662825,1260,0,1.0252237591537836,0,0
2016,09,CT,1666554,1267,0,1.0055555555555555,0,0
2017,09,CT,1669616,1281,0,1.011049723756906,1,0
2018,09,CT,1673925,1303,0,1.0171740827478533,1,0
2019,09,CT,1670704,1342,0,1.029930928626247,1,0
2020,09,CT,1545338,1448,0,1.0789865871833084,1,0
2021,09,CT,1591093,1497,0,1.033839779005525,1,0
2022,09,CT,1642536,1562,0,1.0434201736806947,1,0
2023,09,CT,1668508,1611,0,1.031370038412292,1,0
2024,09,CT,1683378,1683,0,1.0446927374301676,1,0
2012,10,DE,405646,995,0,,0,0
2013,10,DE,413825,1001,0,1.0060301507537688,0,0
2014,10,DE,423598,1023,0,1.021978021978022,0,0
2015,10,DE,433748,1038,0,1.0146627565982405,0,0
2016,10,DE,438238,1034,0,0.9961464354527938,0,0
2017,10,DE,441873,1074,0,1.0386847195357833,1,0
2018,10,DE,447075,1093,0,1.0176908752327747,1,0
2019,10,DE,452776,1125,0,1.029277218664227,1,0
2020,10,DE,426661,1201,0,1.0675555555555556,1,0
2021,10,DE,441668,1240,0,1.0324729392173189,1,0
2022,10,DE,459114,1304,0,1.0516129032258064,1,0
2023,10,DE,469362,1334,0,1.0230061349693251,1,0
2024,10,DE,477336,1392,0,1.0434782608695652,1,0
2012,11,DC,714930,1592,0,,0,0
2013,11,DC,724270,1597,0,1.0031407035175879,0,0
2014,11,DC,729349,1651,0,1.0338134001252348,0,0
2015,11,DC,743596,1695,0,1.0266505148394913,0,0
2016,11,DC,756646,1721,0,1.0153392330383482,0,0
2017,11,DC,763847,1780,0,1.0342823939570018,1,0
2018,11,DC,771750,1844,0,1.0359550561797752,1,0
2019,11,DC,776041,1886,0,1.0227765726681128,1,0
2020,11,DC,726083,2059,0,1.091728525980912,1,0
2021,11,DC,725826,2157,0,1.0475959203496843,1,0
2022,11,DC,748737,2191,0,1.0157626332869727,1,0
2023,11,DC,757754,2267,0,1.0346873573710635,1,0
2024,11,DC,759666,2365,0,1.043228936921041,1,0
2012,12,FL,7341002,831,1,,0,0
2013,12,FL,7518448,839,1,1.009626955475331,0,0
2014,12,FL,7755371,862,1,1.027413587604291,0,0
2015,12,FL,8039635,890,1,1.0324825986078887,0,0
2016,12,FL,8309351,905,1,1.0168539325842696,0,0
2017,12,FL,8494623,932,1,1.0298342541436465,1,1
2018,12,FL,8700654,963,1,1.0332618025751072,1,1
2019,12,FL,8884066,995,1,1.0332294911734163,1,1
2020,12,FL,8447957,1074,1,1.0793969849246232,1,1
2021,12,FL,8859821,1159,1,1.0791433891992552,1,1
2022,12,FL,9358228,1226,1,1.0578084555651424,1,1
2023,12,FL,9680319,1278,1,1.0424143556280587,1,1
2024,12,FL,9836491,1336,1,1.0453834115805947,1,1
2012,13,GA,3841767,890,0,,0,0
2013,13,GA,3918085,899,0,1.010112359550562,0,0
2014,13,GA,4032488,926,0,1.0300333704115685,0,0
2015,13,GA,4151011,953,0,1.029157667386609,0,0
2016,13,GA,4262937,975,0,1.0230849947534102,0,0
2017,13,GA,4346453,1004,0,1.0297435897435898,1,0
2018,13,GA,4430136,1029,0,1.0249003984063745,1,0
2019,13,GA,4513028,1063,0,1.033041788143829,1,0
2020,13,GA,4307139,1132,0,1.0649106302916276,1,0
2021,13,GA,4475118,1197,0,1.0574204946996466,1,0
2022,13,GA,4705337,1262,0,1.0543024227234754,1,0
2023,13,GA,4808000,1299,0,1.0293185419968305,1,0
2024,13,GA,4862001,1358,0,1.0454195535026944,1,0
2012,15,HI,605240,834,0,,0,0
2013,15,HI,618195,843,0,1.0107913669064748,0,0
2014,15,HI,626146,869,0,1.0308422301304863,0,0
2015,15,HI,637854,902,0,1.0379746835443038,0,0
2016,15,HI,647545,927,0,1.0277161862527717,0,0
2017,15,HI,654185,955,0,1.0302049622437972,1,0
2018,15,HI,658341,980,0,1.0261780104712042,1,0
2019,15,HI,659045,1013,0,1.0336734693877552,1,0
2020,15,HI,560156,1114,0,1.0997038499506417,1,0
2021,15,HI,588086,1147,0,1.0296229802513466,1,0
2022,15,HI,619985,1182,0,1.0305143853530951,1,0
2023,15,HI,633890,1235,0,1.044839255499154,1,0
2024,15,HI,639801,1295,0,1.048582995951417,1,0
2012,16,ID,614463,695,0,,0,0
2013,16,ID,630328,708,0,1.018705035971223,0,0
2014,16,ID,646305,730,0,1.0310734463276836,0,0
2015,16,ID,664792,747,0,1.0232876712328767,0,0
2016,16,ID,687919,762,0,1.0200803212851406,0,0
2017,16,ID,706820,795,0,1.0433070866141732,1,0
2018,16,ID,730716,825,0,1.0377358490566038,1,0
2019,16,ID,752351,851,0,1.0315151515151515,1,0
2020,16,ID,748123,917,0,1.0775558166862516,1,0
2021,16,ID,790424,976,0,1.064340239912759,1,0
2022,16,ID,820860,1043,0,1.0686475409836065,1,0
2023,16,ID,842561,1083,0,1.0383509108341322,1,0
2024,16,ID,858504,1146,0,1.0581717451523547,1,0
2012,17,IL,5636918,1004,0,,0,0
2013,17,IL,5687541,1011,0,1.0069721115537849,0,0
2014,17,IL,5762156,1040,0,1.0286844708209693,0,0
2015,17,IL,5848451,1077,0,1.0355769230769232,0,0
2016,17,IL,5895633,1086,0,1.0083565459610029,0,0
2017,17,IL,5934549,1115,0,1.0267034990791897,1,0
2018,17,IL,5973316,1153,0,1.0340807174887892,1,0
2019,17,IL,5995905,1184,0,1.0268863833477884,1,0
2020,17,IL,5570198,1275,0,1.0768581081081081,1,0
2021,17,IL,5694355,1349,0,1.0580392156862746,1,0
2022,17,IL,5918832,1399,0,1.0370644922164567,1,0
2023,17,IL,6013493,1435,0,1.0257326661901358,1,0
2024,17,IL,6043357,1486,0,1.0355400696864112,1,0
2012,18,IN,2812347,793,0,,0,0
2013,18,IN,2849311,801,0,1.0100882723833544,0,0
2014,18,IN,2890758,818,0,1.021223470661673,0,0
2015,18,IN,2941991,844,0,1.0317848410757946,0,0
2016,18,IN,2987091,857,0,1.0154028436018958,0,0
2017,18,IN,3018177,888,0,1.0361726954492416,1,0
2018,18,IN,3051879,915,0,1.0304054054054055,1,0
2019,18,IN,3077767,938,0,1.025136612021858,1,0
2020,18,IN,2918792,999,0,1.0650319829424306,1,0
2021,18,IN,3010658,1057,0,1.058058058058058,1,0
2022,18,IN,3113419,1116,0,1.0558183538315988,1,0
2023,18,IN,3157809,1147,0,1.0277777777777777,1,0
2024,18,IN,3179542,1206,0,1.051438535309503,1,0
2012,19,IA,1475884,776,0,,0,0
2013,19,IA,1496426,791,0,1.0193298969072164,0,0
2014,19,IA,1515822,818,0,1.034134007585335,0,0
2015,19,IA,1530234,848,0,1.0366748166259168,0,0
2016,19,IA,1539752,864,0,1.0188679245283019,0,0
2017,19,IA,1540435,886,0,1.025462962962963,1,0
2018,19,IA,1549958,914,0,1.0316027088036117,1,0
2019,19,IA,1553350,936,0,1.0240700218818382,1,0
2020,19,IA,1475704,1006,0,1.0747863247863247,1,0
2021,19,IA,1505989,1044,0,1.0377733598409542,1,0
2022,19,IA,1536997,1103,0,1.0565134099616857,1,0
2023,19,IA,1556484,1142,0,1.0353581142339074,1,0
2024,19,IA,1562561,1180,0,1.0332749562171628,1,0
2012,20,KS,1320285,791,0,,0,0
2013,20,KS,1336948,799,0,1.0101137800252844,0,0
2014,20,KS,1357090,821,0,1.027534418022528,0,0
2015,20,KS,1367329,844,0,1.028014616321559,0,0
2016,20,KS,1370665,849,0,1.0059241706161137,0,0
2017,20,KS,1371633,868,0,1.022379269729093,1,0
2018,20,KS,1383119,896,0,1.032258064516129,1,0
2019,20,KS,1393184,924,0,1.03125,1,0
2020,20,KS,1328640,990,0,1.0714285714285714,1,0
2021,20,KS,1353532,1027,0,1.0373737373737373,1,0
2022,20,KS,1390817,1080,0,1.0516066212268744,1,0
2023,20,KS,1417023,1123,0,1.0398148148148147,1,0
2024,20,KS,1429358,1169,0,1.0409617097061443,1,0
2012,21,KY,1761043,778,0,,0,0
2013,21,KY,1779777,784,0,1.0077120822622108,0,0
2014,21,KY,1807068,807,0,1.0293367346938775,0,0
2015,21,KY,1835550,834,0,1.033457249070632,0,0
2016,21,KY,1861063,848,0,1.0167865707434052,0,0
2017,21,KY,1874455,869,0,1.0247641509433962,1,0
2018,21,KY,1884653,890,0,1.0241657077100115,1,0
2019,21,KY,1897896,918,0,1.0314606741573034,1,0
2020,21,KY,1792596,977,0,1.0642701525054465,1,0
2021,21,KY,1857636,1017,0,1.0409416581371544,1,0
2022,21,KY,1920456,1073,0,1.0550639134709932,1,0
2023,21,KY,1967892,1119,0,1.04287045666356,1,0
2024,21,KY,1988347,1162,0,1.0384271671134941,1,0
2012,22,LA,1871037,833,0,,0,0
2013,22,LA,1893823,846,0,1.0156062424969987,0,0
2014,22,LA,1923745,872,0,1.0307328605200945,0,0
2015,22,LA,1930688,883,0,1.0126146788990826,0,0
2016,22,LA,1908397,877,0,0.9932049830124575,0,0
2017,22,LA,1907721,894,0,1.0193842645381983,1,0
2018,22,LA,1921498,925,0,1.034675615212528,1,0
2019,22,LA,1923825,948,0,1.0248648648648648,1,0
2020,22,LA,1780574,999,0,1.0537974683544304,1,0
2021,22,LA,1816296,1035,0,1.0360360360360361,1,0
2022,22,LA,1865592,1088,0,1.051207729468599,1,0
2023,22,LA,1893810,1136,0,1.0441176470588236,1,0
2024,22,LA,1920359,1179,0,1.0378521126760563,1,0
2012,23,ME,583196,742,0,,0,0
2013,23,ME,586525,755,0,1.017520215633423,0,0
2014,23,ME,590377,778,0,1.0304635761589405,0,0
2015,23,ME,595889,804,0,1.0334190231362468,0,0
2016,23,ME,603785,819,0,1.0186567164179106,0,0
2017,23,ME,609271,844,0,1.0305250305250304,1,0
2018,23,ME,615271,872,0,1.033175355450237,1,0
2019,23,ME,621691,907,0,1.040137614678899,1,0
2020,23,ME,584271,999,0,1.101433296582139,1,0
2021,23,ME,610111,1051,0,1.052052052052052,1,0
2022,23,ME,626520,1118,0,1.0637488106565176,1,0
2023,23,ME,639695,1160,0,1.037567084078712,1,0
2024,23,ME,648874,1216,0,1.0482758620689656,1,0
2012,24,MD,2511669,1039,0,,0,0
2013,24,MD,2531656,1039,0,1.0,0,0
2014,24,MD,2552623,1065,0,1.02502406159769,0,0
2015,24,MD,2591189,1100,0,1.0328638497652582,0,0
2016,24,MD,2627172,1117,0,1.0154545454545454,0,0
2017,24,MD,2653569,1146,0,1.0259623992837958,1,0
2018,24,MD,2679064,1176,0,1.0261780104712042,1,0
2019,24,MD,2698113,1211,0,1.0297619047619047,1,0
2020,24,MD,2512624,1325,0,1.0941370767960363,1,0
2021,24,MD,2581194,1379,0,1.040754716981132,1,0
2022,24,MD,2641021,1417,0,1.0275562001450327,1,0
2023,24,MD,2705183,1463,0,1.0324629498941424,1,0
2024,24,MD,2768546,1518,0,1.037593984962406,1,0
2012,25,MA,3242273,1171,0,,0,0
2013,25,MA,3295647,1188,0,1.0145175064047822,0,0
2014,25,MA,3360035,1233,0,1.0378787878787878,0,0
2015,25,MA,3428020,1283,0,1.040551500405515,0,0
2016,25,MA,3494553,1297,0,1.0109119251753702,0,0
2017,25,MA,3543383,1345,0,1.0370084811102545,1,0
2018,25,MA,3586034,1396,0,1.0379182156133828,1,0
2019,25,MA,3636617,1450,0,1.0386819484240688,1,0
2020,25,MA,3324192,1610,0,1.110344827586207,1,0
2021,25,MA,3456005,1688,0,1.0484472049689442,1,0
2022,25,MA,3595632,1727,0,1.0231042654028435,1,0
2023,25,MA,3636169,1760,0,1.019108280254777,1,0
2024,25,MA,3644805,1848,0,1.05,1,0
2012,26,MI,3935694,898,0,,0,0
2013,26,MI,4018602,906,0,1.0089086859688197,0,0
2014,26,MI,4090009,932,0,1.0286975717439293,0,0
2015,26,MI,4161641,963,0,1.0332618025751072,0,0
2016,26,MI,4242537,980,0,1.0176531671858775,0,0
2017,26,MI,4294711,1009,0,1.029591836734694,1,0
2018,26,MI,4340045,1035,0,1.0257680872150645,1,0
2019,26,MI,4358167,1057,0,1.021256038647343,1,0
2020,26,MI,3968230,1143,0,1.0813623462630084,1,0
2021,26,MI,4132277,1186,0,1.0376202974628173,1,0
2022,26,MI,4300943,1228,0,1.0354131534569984,1,0
2023,26,MI,4381528,1267,0,1.031758957654723,1,0
2024,26,MI,4407319,1313,0,1.0363062352012629,1,0
2012,27,MN,2644408,949,0,,0,0
2013,27,MN,2691832,964,0,1.0158061116965227,0,0
2014,27,MN,2730301,992,0,1.0290456431535269,0,0
2015,27,MN,2776684,1029,0,1.0372983870967742,0,0
2016,27,MN,2815248,1044,0,1.0145772594752187,0,0
2017,27,MN,2856105,1080,0,1.0344827586206897,1,0
2018,27,MN,2882944,1116,0,1.0333333333333334,1,0
2019,27,MN,2902225,1147,0,1.0277777777777777,1,0
2020,27,MN,2705651,1234,0,1.075850043591979,1,0
2021,27,MN,2774861,1289,0,1.0445705024311183,1,0
2022,27,MN,2853966,1341,0,1.0403413498836307,1,0
2023,27,MN,2904510,1375,0,1.0253542132736764,1,0
2024,27,MN,2932411,1427,0,1.0378181818181818,1,0
2012,28,MS,1085748,690,0,,0,0
2013,28,MS,1093581,701,0,1.0159420289855072,0,0
2014,28,MS,1102603,714,0,1.0185449358059915,0,0
2015,28,MS,1114379,724,0,1.0140056022408963,0,0
2016,28,MS,1124854,734,0,1.0138121546961325,0,0
2017,28,MS,1128498,746,0,1.0163487738419619,1,0
2018,28,MS,1130786,765,0,1.0254691689008042,1,0
2019,28,MS,1135598,782,0,1.0222222222222221,1,0
2020,28,MS,1089821,831,0,1.0626598465473145,1,0
2021,28,MS,1117423,865,0,1.0409145607701564,1,0
2022,28,MS,1145453,912,0,1.0543352601156069,1,0
2023,28,MS,1160807,945,0,1.0361842105263157,1,0
2024,28,MS,1167716,980,0,1.037037037037037,1,0
2012,29,MO,2607420,821,0,,0,0
2013,29,MO,2637273,828,0,1.0085261875761267,0,0
2014,29,MO,2667996,851,0,1.0277777777777777,0,0
2015,29,MO,2715579,876,0,1.0293772032902468,0,0
2016,29,MO,2755477,887,0,1.0125570776255708,0,0
2017,29,MO,2781242,911,0,1.0270574971815107,1,0
2018,29,MO,2794483,943,0,1.0351262349066959,1,0
2019,29,MO,2812888,972,0,1.0307529162248144,1,0
2020,29,MO,2675116,1039,0,1.0689300411522633,1,0
2021,29,MO,2741069,1086,0,1.0452358036573628,1,0
2022,29,MO,2821194,1139,0,1.0488029465930018,1,0
2023,29,MO,2875146,1187,0,1.042142230026339,1,0
2024,29,MO,2898179,1230,0,1.0362257792754843,1,0
2012,30,MT,430315,713,0,,0,0
2013,30,MT,436867,723,0,1.0140252454417953,0,0
2014,30,MT,440198,748,0,1.0345781466113417,0,0
2015,30,MT,448688,770,0,1.0294117647058822,0,0
2016,30,MT,454819,783,0,1.016883116883117,0,0
2017,30,MT,459431,809,0,1.0332056194125159,1,0
2018,30,MT,464818,835,0,1.0321384425216316,1,0
2019,30,MT,470525,863,0,1.0335329341317365,1,0
2020,30,MT,456631,932,0,1.0799536500579374,1,0
2021,30,MT,478523,987,0,1.0590128755364807,1,0
2022,30,MT,496227,1048,0,1.0618034447821683,1,0
2023,30,MT,506789,1101,0,1.0505725190839694,1,0
2024,30,MT,512774,1155,0,1.0490463215258856,1,0
2012,31,NE,920295,755,0,,0,0
2013,31,NE,932768,769,0,1.018543046357616,0,0
2014,31,NE,946110,792,0,1.0299089726918076,0,0
2015,31,NE,959176,824,0,1.0404040404040404,0,0
2016,31,NE,968601,838,0,1.016990291262136,0,0
2017,31,NE,972764,863,0,1.029832935560859,1,0
2018,31,NE,978066,890,0,1.0312862108922365,1,0
2019,31,NE,982504,920,0,1.0337078651685394,1,0
2020,31,NE,948137,990,0,1.076086956521739,1,0
2021,31,NE,965748,1036,0,1.0464646464646465,1,0
2022,31,NE,983968,1101,0,1.0627413127413128,1,0
2023,31,NE,1008194,1138,0,1.033605812897366,1,0
2024,31,NE,1018759,1174,0,1.031634446397188,1,0
2012,32,NV,1132140,840,0,,0,0
2013,32,NV,1160115,848,0,1.0095238095238095,0,0
2014,32,NV,1202475,860,0,1.0141509433962264,0,0
2015,32,NV,1244635,880,0,1.0232558139534884,0,0
2016,32,NV,1283642,906,0,1.0295454545454545,0,0
2017,32,NV,1326151,926,0,1.0220750551876379,1,0
2018,32,NV,1371030,962,0,1.038876889848812,1,0
2019,32,NV,1408753,989,0,1.028066528066528,1,0
2020,32,NV,1265675,1077,0,1.0889787664307382,1,0
2021,32,NV,1357630,1144,0,1.062209842154132,1,0
2022,32,NV,1471888,1192,0,1.0419580419580419,1,0
2023,32,NV,1522612,1227,0,1.0293624161073827,1,0
2024,32,NV,1551426,1290,0,1.0513447432762837,1,0
2012,33,NH,612419,928,0,,0,0
2013,33,NH,618781,942,0,1.0150862068965518,0,0
2014,33,NH,626566,984,0,1.0445859872611465,0,0
2015,33,NH,636806,1011,0,1.0274390243902438,0,0
2016,33,NH,647347,1030,0,1.0187932739861523,0,0
2017,33,NH,653487,1060,0,1.029126213592233,1,0
2018,33,NH,658836,1092,0,1.030188679245283,1,0
2019,33,NH,665320,1128,0,1.032967032967033,1,0
2020,33,NH,624550,1248,0,1.1063829787234043,1,0
2021,33,NH,649187,1386,0,1.1105769230769231,1,0
2022,33,NH,670645,1389,0,1.0021645021645023,1,0
2023,33,NH,682299,1432,0,1.030957523398128,1,0
2024,33,NH,687990,1489,0,1.039804469273743,1,0
2012,34,NJ,3768935,1128,0,,0,0
2013,34,NJ,3812940,1144,0,1.0141843971631206,0,0
2014,34,NJ,3841854,1165,0,1.0183566433566433,0,0
2015,34,NJ,3889975,1199,0,1.0291845493562233,0,0
2016,34,NJ,3953972,1207,0,1.0066722268557131,0,0
2017,34,NJ,4006799,1232,0,1.020712510356255,1,0
2018,34,NJ,4043517,1264,0,1.025974025974026,1,0
2019,34,NJ,4083014,1295,0,1.0245253164556962,1,0
2020,34,NJ,3751355,1423,0,1.098841698841699,1,0
2021,34,NJ,3926845,1468,0,1.0316233309908645,1,0
2022,34,NJ,4134620,1511,0,1.029291553133515,1,0
2023,34,NJ,4210540,1549,0,1.0251489080079417,1,0
2024,34,NJ,4252229,1603,0,1.0348612007746933,1,0
2012,35,NM,785455,783,1,,0,0
2013,35,NM,791804,785,1,1.0025542784163475,0,0
2014,35,NM,798912,806,1,1.026751592356688,0,0
2015,35,NM,806762,818,1,1.0148883374689825,0,0
2016,35,NM,807387,819,1,1.0012224938875305,0,0
2017,35,NM,810516,837,1,1.021978021978022,1,1
2018,35,NM,822351,869,1,1.038231780167264,1,1
2019,35,NM,836674,905,1,1.041426927502877,1,1
2020,35,NM,781771,969,1,1.0707182320441988,1,1
2021,35,NM,796691,1010,1,1.0423116615067078,1,1
2022,35,NM,832863,1063,1,1.0524752475247525,1,1
2023,35,NM,856286,1118,1,1.0517403574788335,1,1
2024,35,NM,869987,1171,1,1.0474060822898033,1,1
2012,36,NY,8563125,1205,1,,0,0
2013,36,NY,8685758,1213,1,1.0066390041493776,0,0
2014,36,NY,8846774,1267,1,1.044517724649629,0,0
2015,36,NY,9014385,1298,1,1.0244672454617205,0,0
2016,36,NY,9154025,1307,1,1.0069337442218798,0,0
2017,36,NY,9276868,1359,1,1.0397857689364958,1,1
2018,36,NY,9432830,1402,1,1.0316409124356145,1,1
2019,36,NY,9542899,1449,1,1.0335235378031384,1,1
2020,36,NY,8585181,1599,1,1.10351966873706,1,1
2021,36,NY,8817105,1693,1,1.058786741713571,1,1
2022,36,NY,9264611,1722,1,1.0171293561724748,1,1
2023,36,NY,9471806,1758,1,1.0209059233449478,1,1
2024,36,NY,9705821,1829,1,1.040386803185438,1,1
2012,37,NC,3907085,829,0,,0,0
2013,37,NC,3974937,842,0,1.0156815440289506,0,0
2014,37,NC,4057439,865,0,1.0273159144893111,0,0
2015,37,NC,4161654,895,0,1.0346820809248556,0,0
2016,37,NC,4259276,909,0,1.0156424581005588,0,0
2017,37,NC,4330606,941,0,1.0352035203520351,1,0
2018,37,NC,4410791,976,0,1.0371944739638683,1,0
2019,37,NC,4498572,1007,0,1.0317622950819672,1,0
2020,37,NC,4323325,1081,0,1.0734856007944389,1,0
2021,37,NC,4509160,1146,0,1.0601295097132284,1,0
2022,37,NC,4699554,1216,0,1.0610820244328099,1,0
2023,37,NC,4830118,1262,0,1.037828947368421,1,0
2024,37,NC,4901211,1322,0,1.0475435816164818,1,0
2012,38,ND,411709,883,0,,0,0
2013,38,ND,427108,919,0,1.0407701019252549,0,0
2014,38,ND,444652,978,0,1.0642002176278564,0,0
2015,38,ND,437072,975,0,0.9969325153374233,0,0
2016,38,ND,417119,940,0,0.9641025641025641,0,0
2017,38,ND,414038,968,0,1.0297872340425531,1,0
2018,38,ND,417578,1007,0,1.040289256198347,1,0
2019,38,ND,422837,1040,0,1.0327706057596822,1,0
2020,38,ND,395956,1067,0,1.0259615384615384,1,0
2021,38,ND,400472,1093,0,1.0243673851921276,1,0
2022,38,ND,411307,1158,0,1.059469350411711,1,0
2023,38,ND,421639,1218,0,1.0518134715025906,1,0
2024,38,ND,428692,1263,0,1.0369458128078817,1,0
2012,39,OH,5048166,851,0,,0,0
2013,39,OH,5110011,859,0,1.009400705052879,0,0
2014,39,OH,5183462,885,0,1.030267753201397,0,0
2015,39,OH,5257971,907,0,1.0248587570621468,0,0
2016,39,OH,5319679,917,0,1.0110253583241455,0,0
2017,39,OH,5364626,945,0,1.0305343511450382,1,0
2018,39,OH,5405891,973,0,1.0296296296296297,1,0
2019,39,OH,5439352,1002,0,1.0298047276464544,1,0
2020,39,OH,5123767,1074,0,1.0718562874251496,1,0
2021,39,OH,5246891,1122,0,1.0446927374301676,1,0
2022,39,OH,5392612,1173,0,1.0454545454545454,1,0
2023,39,OH,5480035,1213,0,1.0341005967604433,1,0
2024,39,OH,5520656,1267,0,1.044517724649629,1,0
2012,40,OK,1540292,801,0,,0,0
2013,40,OK,1560799,816,0,1.0187265917602997,0,0
2014,40,OK,1582712,842,0,1.0318627450980393,0,0
2015,40,OK,1594011,852,0,1.01187648456057,0,0
2016,40,OK,1575978,844,0,0.9906103286384976,0,0
2017,40,OK,1581198,868,0,1.028436018957346,1,0
2018,40,OK,1605887,899,0,1.0357142857142858,1,0
2019,40,OK,1622058,924,0,1.0278086763070078,1,0
2020,40,OK,1549993,953,0,1.0313852813852813,1,0
2021,40,OK,1571737,987,0,1.0356768100734524,1,0
2022,40,OK,1624905,1038,0,1.0516717325227964,1,0
2023,40,OK,1671928,1083,0,1.0433526011560694,1,0
2024,40,OK,1692477,1129,0,1.0424746075715605,1,0
2012,41,OR,1642434,851,0,,0,0
2013,41,OR,1678726,866,0,1.0176263219741482,0,0
2014,41,OR,1725906,895,0,1.033487297921478,0,0
2015,41,OR,1787398,929,0,1.0379888268156425,0,0
2016,41,OR,1840874,951,0,1.0236813778256189,0,0
2017,41,OR,1883407,983,0,1.0336487907465826,1,0
2018,41,OR,1920804,1020,0,1.0376398779247202,1,0
2019,41,OR,1953467,1058,0,1.0372549019607844,1,0
2020,41,OR,1836208,1153,0,1.0897920604914935,1,0
2021,41,OR,1881040,1231,0,1.0676496097137902,1,0
2022,41,OR,1950774,1275,0,1.0357432981316004,1,0
2023,41,OR,1988670,1313,0,1.0298039215686274,1,0
2024,41,OR,1994161,1371,0,1.0441736481340442,1,0
2012,42,PA,5578414,931,0,,0,0
2013,42,PA,5596841,944,0,1.0139634801288937,0,0
2014,42,PA,5644443,972,0,1.0296610169491525,0,0
2015,42,PA,5691613,1004,0,1.0329218106995885,0,0
2016,42,PA,5737759,1009,0,1.004980079681275,0,0
2017,42,PA,5799123,1038,0,1.028741328047572,1,0
2018,42,PA,5867783,1070,0,1.0308285163776494,1,0
2019,42,PA,5925588,1106,0,1.033644859813084,1,0
2020,42,PA,5488591,1193,0,1.0786618444846292,1,0
2021,42,PA,5650325,1244,0,1.0427493713327745,1,0
2022,42,PA,5863233,1294,0,1.040192926045016,1,0
2023,42,PA,5963389,1332,0,1.0293663060278206,1,0
2024,42,PA,6019836,1379,0,1.0352852852852852,1,0
2012,44,RI,450711,898,0,,0,0
2013,44,RI,456112,918,0,1.022271714922049,0,0
2014,44,RI,463303,948,0,1.0326797385620916,0,0
2015,44,RI,469981,974,0,1.0274261603375527,0,0
2016,44,RI,473406,989,0,1.015400410677618,0,0
2017,44,RI,477362,1016,0,1.0273003033367036,1,0
2018,44,RI,481569,1033,0,1.016732283464567,1,0
2019,44,RI,485638,1056,0,1.0222652468538238,1,0
2020,44,RI,444432,1164,0,1.1022727272727273,1,0
2021,44,RI,463776,1198,0,1.029209621993127,1,0
2022,44,RI,481342,1240,0,1.0350584307178632,1,0
2023,44,RI,488211,1272,0,1.0258064516129033,1,0
2024,44,RI,495179,1313,0,1.0322327044025157,1,0
2012,45,SC,1810150,755,0,,0,0
2013,45,SC,1846621,765,0,1.0132450331125828,0,0
2014,45,SC,1895420,785,0,1.026143790849673,0,0
2015,45,SC,1949881,808,0,1.0292993630573248,0,0
2016,45,SC,1996297,825,0,1.021039603960396,0,0
2017,45,SC,2035341,850,0,1.0303030303030303,1,0
2018,45,SC,2091683,860,0,1.011764705882353,1,0
2019,45,SC,2129271,892,0,1.0372093023255815,1,0
2020,45,SC,2028041,953,0,1.0683856502242153,1,0
2021,45,SC,2093950,1006,0,1.055613850996852,1,0
2022,45,SC,2181593,1068,0,1.0616302186878728,1,0
2023,45,SC,2243194,1114,0,1.0430711610486891,1,0
2024,45,SC,2284611,1173,0,1.0529622980251347,1,0
2012,46,SD,400475,703,0,,0,0
2013,46,SD,404652,716,0,1.0184921763869133,0,0
2014,46,SD,410929,744,0,1.0391061452513966,0,0
2015,46,SD,416020,773,0,1.038978494623656,0,0
2016,46,SD,420460,792,0,1.0245795601552394,0,0
2017,46,SD,422489,816,0,1.0303030303030303,1,0
2018,46,SD,426927,840,0,1.0294117647058822,1,0
2019,46,SD,430117,868,0,1.0333333333333334,1,0
2020,46,SD,417092,946,0,1.0898617511520738,1,0
2021,46,SD,430806,986,0,1.0422832980972516,1,0
2022,46,SD,443127,1040,0,1.054766734279919,1,0
2023,46,SD,452705,1078,0,1.0365384615384616,1,0
2024,46,SD,458558,1121,0,1.0398886827458256,1,0
2012,47,TN,2653392,845,0,,0,0
2013,47,TN,2694288,848,0,1.0035502958579883,0,0
2014,47,TN,2750032,869,0,1.0247641509433962,0,0
2015,47,TN,2820198,899,0,1.0345224395857306,0,0
2016,47,TN,2887754,912,0,1.0144605116796441,0,0
2017,47,TN,2930932,939,0,1.0296052631578947,1,0
2018,47,TN,2976889,970,0,1.033013844515442,1,0
2019,47,TN,3032893,994,0,1.024742268041237,1,0
2020,47,TN,2916181,1060,0,1.0663983903420524,1,0
2021,47,TN,3016458,1137,0,1.0726415094339623,1,0
2022,47,TN,3157887,1194,0,1.050131926121372,1,0
2023,47,TN,3232182,1245,0,1.0427135678391959,1,0
2024,47,TN,3270771,1297,0,1.0417670682730924,1,0
2012,48,TX,10727642,973,1,,0,0
2013,48,TX,11031907,985,1,1.012332990750257,0,0
2014,48,TX,11379184,1023,1,1.0385786802030457,0,0
2015,48,TX,11655919,1044,1,1.0205278592375366,0,0
2016,48,TX,11805698,1045,1,1.0009578544061302,0,0
2017,48,TX,12014802,1073,1,1.0267942583732057,1,1
2018,48,TX,12302358,1111,1,1.0354147250698975,1,1
2019,48,TX,12590406,1150,1,1.035103510351035,1,1
2020,48,TX,12070210,1209,1,1.051304347826087,1,1
2021,48,TX,12526069,1269,1,1.0496277915632755,1,1
2022,48,TX,13249119,1339,1,1.0551615445232467,1,1
2023,48,TX,13701879,1391,1,1.0388349514563107,1,1
2024,48,TX,13936364,1450,1,1.0424155283968368,1,1
2012,49,UT,1215983,794,0,,0,0
2013,49,UT,1254582,804,0,1.012594458438287,0,0
2014,49,UT,1291859,826,0,1.027363184079602,0,0
2015,49,UT,1340591,852,0,1.0314769975786926,0,0
2016,49,UT,1388878,870,0,1.0211267605633803,0,0
2017,49,UT,1430588,896,0,1.0298850574712644,1,0
2018,49,UT,1478493,933,0,1.0412946428571428,1,0
2019,49,UT,1520688,976,0,1.0460878885316185,1,0
2020,49,UT,1504751,1056,0,1.0819672131147542,1,0
2021,49,UT,1583748,1112,0,1.053030303030303,1,0
2022,49,UT,1651243,1176,0,1.0575539568345325,1,0
2023,49,UT,1690802,1228,0,1.0442176870748299,1,0
2024,49,UT,1714013,1286,0,1.0472312703583062,1,0
2012,50,VT,299519,788,0,,0,0
2013,50,VT,301586,809,0,1.0266497461928934,0,0
2014,50,VT,304472,827,0,1.0222496909765142,0,0
2015,50,VT,307058,851,0,1.0290205562273278,0,0
2016,50,VT,308044,866,0,1.0176263219741482,0,0
2017,50,VT,309442,888,0,1.0254041570438799,1,0
2018,50,VT,310334,916,0,1.0315315315315314,1,0
2019,50,VT,310611,949,0,1.0360262008733625,1,0
2020,50,VT,283506,1040,0,1.095890410958904,1,0
2021,50,VT,291663,1083,0,1.041346153846154,1,0
2022,50,VT,301271,1146,0,1.0581717451523547,1,0
2023,50,VT,306971,1189,0,1.037521815008726,1,0
2024,50,VT,309138,1240,0,1.042893187552565,1,0
2012,51,VA,3619176,993,0,,0,0
2013,51,VA,3640209,998,0,1.0050352467270895,0,0
2014,51,VA,3654831,1018,0,1.0200400801603207,0,0
2015,51,VA,3735713,1044,0,1.0255402750491158,0,0
2016,51,VA,3789744,1055,0,1.010536398467433,0,0
2017,51,VA,3838368,1087,0,1.0303317535545025,1,0
2018,51,VA,3893254,1120,0,1.030358785648574,1,0
2019,51,VA,3938841,1158,0,1.0339285714285715,1,0
2020,51,VA,3743712,1253,0,1.0820379965457685,1,0
2021,51,VA,3838861,1307,0,1.043096568236233,1,0
2022,51,VA,3958628,1368,0,1.046671767406274,1,0
2023,51,VA,4048912,1428,0,1.043859649122807,1,0
2024,51,VA,4106139,1494,0,1.046218487394958,1,0
2012,53,WA,2894703,999,0,,0,0
2013,53,WA,2960123,1020,0,1.021021021021021,0,0
2014,53,WA,3043562,1058,0,1.0372549019607844,0,0
2015,53,WA,3122749,1090,0,1.0302457466918715,0,0
2016,53,WA,3215014,1135,0,1.0412844036697249,0,0
2017,53,WA,3290209,1193,0,1.051101321585903,1,0
2018,53,WA,3372533,1272,0,1.066219614417435,1,0
2019,53,WA,3439158,1338,0,1.0518867924528301,1,0
2020,53,WA,3258164,1477,0,1.1038863976083706,1,0
2021,53,WA,3352607,1586,0,1.073798239675017,1,0
2022,53,WA,3512268,1616,0,1.0189155107187895,1,0
2023,53,WA,3577580,1703,0,1.0538366336633664,1,0
2024,53,WA,3594439,1827,0,1.0728126834997065,1,0
2012,54,WV,710590,764,0,,0,0
2013,54,WV,703916,773,0,1.0117801047120418,0,0
2014,54,WV,700846,792,0,1.0245795601552394,0,0
2015,54,WV,696195,802,0,1.0126262626262625,0,0
2016,54,WV,684322,801,0,0.9987531172069826,0,0
2017,54,WV,683807,835,0,1.042446941323346,1,0
2018,54,WV,693478,887,0,1.0622754491017965,1,0
2019,54,WV,688761,897,0,1.0112739571589628,1,0
2020,54,WV,642018,937,0,1.044593088071349,1,0
2021,54,WV,657806,971,0,1.0362860192102454,1,0
2022,54,WV,673782,1022,0,1.0525231719876416,1,0
2023,54,WV,686477,1076,0,1.0528375733855186,1,0
2024,54,WV,695658,1121,0,1.04182156133829,1,0
2012,55,WI,2695404,807,0,,0,0
2013,55,WI,2721960,823,0,1.019826517967782,0,0
2014,55,WI,2758496,843,0,1.0243013365735116,0,0
2015,55,WI,2794170,872,0,1.0344009489916963,0,0
2016,55,WI,2828166,885,0,1.014908256880734,0,0
2017,55,WI,2850145,908,0,1.0259887005649717,1,0
2018,55,WI,2876534,940,0,1.0352422907488987,1,0
2019,55,WI,2887018,969,0,1.0308510638297872,1,0
2020,55,WI,2730289,1035,0,1.068111455108359,1,0
2021,55,WI,2800269,1084,0,1.047342995169082,1,0
2022,55,WI,2877343,1139,0,1.0507380073800738,1,0
2023,55,WI,2922297,1174,0,1.0307287093942055,1,0
2024,55,WI,2944347,1220,0,1.039182282793867,1,0
2012,56,WY,278595,857,0,,0,0
2013,56,WY,279748,865,0,1.0093348891481915,0,0
2014,56,WY,284394,894,0,1.0335260115606937,0,0
2015,56,WY,282667,891,0,0.9966442953020134,0,0
2016,56,WY,271813,865,0,0.9708193041526375,0,0
2017,56,WY,269586,890,0,1.0289017341040463,1,0
2018,56,WY,272171,924,0,1.0382022471910113,1,0
2019,56,WY,277114,959,0,1.0378787878787878,1,0
2020,56,WY,260977,981,0,1.0229405630865485,1,0
2021,56,WY,265714,1020,0,1.039755351681957,1,0
2022,56,WY,272234,1083,0,1.061764705882353,1,0
2023,56,WY,278739,1136,0,1.048938134810711,1,0
2024,56,WY,282194,1185,0,1.0431338028169015,1,0
